{
    "cale_baza": "resurse/imagini/erori",
    "eroare_default":{
        "titlu":"Eroare !!!",
        "text": "A survenit eroare.",
        "imagine":"interzis.jpg"
    },
    "info_erori": [
        {
            "identificator":404,
            "status":true,
            "titlu":"404 - N-am, bre!",
            "text": "Nu-i pe serverul ăsta, sorry, caută în altă parte!",
            "imagine":"lupa.png"
        },
        {
            "identificator":403,
            "status":true,
            "titlu":"403 - Forbidden",
            "text": "Ai greșit ruta. Stânga-împrejur și pa!",
            "imagine":"interzis.jpg"
        },
        {
            "identificator":400,
            "status":true,
            "titlu":"400 - Bad request",
            "text": "Ai gresit extensia!",
            "imagine":"interzis.jpg"
        },
        {
            "identificator":1,
            "status":false,
            "titlu":"Site în lucru",
            "text": "Muncim, muncim!",
            "imagine":"interzis.jpg"
        },
        
        {
            "identificator":2,
            "status":false,
            "titlu":"Eroare baza date",
            "text": "Reveniti mai tarziu!",
            "imagine":"interzis.jpg"
        },
        
        {
            "identificator":3,
            "status":false,
            "titlu":"Date gresit",
            "text": "Verificati datele",
            "imagine":"interzis.jpg"
        }
    ]
}
  